-- Generation time: Thu, 30 Jan 2020 13:48:00 +0000
-- Host: mysql.hostinger.ro
-- DB name: u574849695_23
/*!40030 SET NAMES UTF8 */;
/*!40101 SET @OLD_CHARACTER_SET_CLIENT=@@CHARACTER_SET_CLIENT */;
/*!40101 SET @OLD_CHARACTER_SET_RESULTS=@@CHARACTER_SET_RESULTS */;
/*!40101 SET @OLD_COLLATION_CONNECTION=@@COLLATION_CONNECTION */;
/*!40103 SET @OLD_TIME_ZONE=@@TIME_ZONE */;
/*!40103 SET TIME_ZONE='+00:00' */;
/*!40014 SET @OLD_UNIQUE_CHECKS=@@UNIQUE_CHECKS, UNIQUE_CHECKS=0 */;
/*!40014 SET @OLD_FOREIGN_KEY_CHECKS=@@FOREIGN_KEY_CHECKS, FOREIGN_KEY_CHECKS=0 */;
/*!40101 SET @OLD_SQL_MODE=@@SQL_MODE, SQL_MODE='NO_AUTO_VALUE_ON_ZERO' */;
/*!40111 SET @OLD_SQL_NOTES=@@SQL_NOTES, SQL_NOTES=0 */;

DROP TABLE IF EXISTS `communities`;
CREATE TABLE `communities` (
  `id` bigint(20) unsigned NOT NULL AUTO_INCREMENT,
  `name` varchar(150) COLLATE utf8_unicode_ci DEFAULT NULL,
  PRIMARY KEY (`id`),
  KEY `communities_name_idx` (`name`)
) ENGINE=InnoDB AUTO_INCREMENT=51 DEFAULT CHARSET=utf8 COLLATE=utf8_unicode_ci;

INSERT INTO `communities` VALUES ('38','ab'),
('25','adipisci'),
('48','animi'),
('46','aut'),
('11','consequatur'),
('33','consequatur'),
('27','culpa'),
('16','cum'),
('40','cumque'),
('2','deleniti'),
('12','dolor'),
('31','dolorem'),
('22','doloribus'),
('20','eaque'),
('47','est'),
('39','et'),
('45','et'),
('29','eveniet'),
('44','expedita'),
('9','facilis'),
('3','illo'),
('18','illo'),
('15','in'),
('36','in'),
('23','iste'),
('19','iusto'),
('6','laboriosam'),
('14','nam'),
('21','neque'),
('35','nisi'),
('43','nostrum'),
('10','perferendis'),
('8','placeat'),
('24','quae'),
('7','qui'),
('34','qui'),
('50','qui'),
('1','quia'),
('4','quis'),
('28','quo'),
('13','quos'),
('42','rem'),
('32','reprehenderit'),
('37','repudiandae'),
('5','rerum'),
('41','rerum'),
('26','ut'),
('30','voluptas'),
('17','voluptate'),
('49','voluptatem'); 


DROP TABLE IF EXISTS `friend_requests`;
CREATE TABLE `friend_requests` (
  `initiator_user_id` bigint(20) unsigned NOT NULL,
  `target_user_id` bigint(20) unsigned NOT NULL,
  `status` enum('requested','approved','unfriended','declined') COLLATE utf8_unicode_ci DEFAULT NULL,
  `requested_at` datetime DEFAULT current_timestamp(),
  `confirmed_at` datetime DEFAULT NULL,
  PRIMARY KEY (`initiator_user_id`,`target_user_id`),
  KEY `initiator_user_id` (`initiator_user_id`),
  KEY `target_user_id` (`target_user_id`),
  CONSTRAINT `friend_requests_ibfk_1` FOREIGN KEY (`initiator_user_id`) REFERENCES `users` (`id`),
  CONSTRAINT `friend_requests_ibfk_2` FOREIGN KEY (`target_user_id`) REFERENCES `users` (`id`)
) ENGINE=InnoDB DEFAULT CHARSET=utf8 COLLATE=utf8_unicode_ci;

INSERT INTO `friend_requests` VALUES ('1','1','','1975-06-17 16:03:25','1972-12-07 13:08:39'),
('2','2','','1985-11-25 20:04:41','1985-07-06 04:31:03'),
('3','3','','1982-05-27 11:44:53','1982-08-14 19:50:09'),
('4','4','','2008-05-27 16:58:00','2010-04-27 02:44:56'),
('5','5','','2005-10-12 19:47:32','1971-08-12 23:48:01'),
('6','6','','2007-10-14 08:28:38','2014-04-18 11:37:04'),
('7','7','','1970-09-07 07:59:09','1987-09-19 06:09:50'),
('8','8','','1991-06-09 04:13:29','1981-08-25 20:20:13'),
('9','9','','1996-05-22 10:37:07','2010-01-22 19:11:29'),
('10','10','','2014-07-23 01:57:14','1994-10-02 05:47:19'),
('11','11','','2003-01-07 05:41:56','1986-07-29 10:44:59'),
('12','12','','1990-02-21 21:13:26','1998-02-22 13:56:41'),
('13','13','','1990-05-17 19:02:38','2008-07-26 08:49:48'),
('14','14','','1991-04-20 07:26:55','1986-10-21 20:05:27'),
('15','15','','1983-04-21 15:26:09','2000-04-08 14:39:17'),
('16','16','','1981-04-20 17:05:20','2001-07-19 06:29:35'),
('17','17','','2005-01-05 20:42:23','1981-03-22 15:19:00'),
('18','18','','1992-11-11 18:49:01','1991-08-30 02:55:16'),
('19','19','','1980-11-28 04:36:46','1984-01-24 20:06:03'),
('20','20','','1973-01-19 05:30:24','1970-06-28 12:04:10'),
('21','21','','2014-10-23 15:08:47','1999-08-21 20:22:22'),
('22','22','','1978-07-10 12:07:53','1992-06-11 16:18:41'),
('23','23','','1995-09-08 07:39:16','1983-03-25 06:17:43'),
('24','24','','2000-12-04 05:34:33','1981-12-16 22:12:32'),
('25','25','','1993-11-11 06:24:42','2012-03-31 17:26:54'),
('26','26','','2013-08-03 23:49:29','2016-03-24 15:26:45'),
('27','27','','1974-09-22 08:37:37','1991-02-21 20:00:36'),
('28','28','','2012-04-21 08:28:41','1994-07-02 20:41:54'),
('29','29','','1975-08-14 02:34:07','1998-09-16 19:49:39'),
('30','30','','1980-10-18 10:56:13','2010-04-25 11:01:06'),
('31','31','','2008-03-22 02:27:32','2016-01-15 01:21:40'),
('32','32','','2012-09-24 23:38:13','1970-06-07 21:07:36'),
('33','33','','1990-02-06 20:26:01','1995-03-24 20:09:11'),
('34','34','','1980-06-16 00:53:30','2003-05-24 15:26:33'),
('35','35','','1977-03-29 09:30:54','2002-11-20 22:34:47'),
('36','36','','2018-03-06 23:57:15','1975-03-15 00:01:41'),
('37','37','','1974-01-31 04:41:26','1971-05-04 08:40:50'),
('38','38','','1992-06-30 11:44:39','1992-05-22 21:09:11'),
('39','39','','1989-08-12 19:54:20','2010-11-25 16:27:23'),
('40','40','','2010-04-14 07:16:16','2006-03-16 15:26:26'),
('41','41','','1982-02-23 07:06:14','2006-04-16 01:40:43'),
('42','42','','2011-04-15 01:05:34','1986-05-04 17:29:49'),
('43','43','','2008-03-20 10:11:46','2009-09-20 22:39:22'),
('44','44','','1987-01-14 20:40:08','2017-04-16 01:48:24'),
('45','45','','1995-01-05 19:30:37','1982-12-15 04:20:20'),
('46','46','','2001-07-02 05:37:25','1985-11-19 19:51:44'),
('47','47','','1999-04-23 03:53:05','2012-08-16 11:37:25'),
('48','48','','1995-05-23 19:03:54','2005-10-07 05:57:07'),
('49','49','','1972-12-09 02:37:49','1998-04-13 09:16:03'),
('50','50','','2000-12-01 19:38:23','2007-01-13 16:36:04'),
('51','51','','1981-08-16 18:46:36','1974-05-28 12:03:19'),
('52','52','','1995-02-12 08:16:30','1986-09-15 01:36:13'),
('53','53','','2005-04-27 08:00:16','1973-09-12 05:20:48'),
('54','54','','2019-02-02 10:23:44','2018-06-15 02:15:41'),
('55','55','','2002-08-03 16:07:08','1988-01-26 18:54:15'),
('56','56','','1988-10-14 21:03:33','1985-12-29 14:32:57'),
('57','57','','1996-10-11 20:28:53','2009-09-02 21:16:22'),
('58','58','','1993-09-22 07:59:58','2012-06-07 15:15:30'),
('59','59','','1974-01-03 08:17:15','2009-09-02 22:50:20'),
('60','60','','2007-11-02 04:59:20','2004-11-27 07:55:37'),
('61','61','','2000-02-09 14:34:02','2014-03-29 20:32:34'),
('62','62','','2008-12-08 01:47:31','1981-04-25 11:22:53'),
('63','63','','1992-11-21 23:38:14','1997-10-04 16:30:04'),
('64','64','','2003-09-24 21:26:28','2011-05-04 06:11:55'),
('65','65','','2006-03-10 07:51:23','1988-03-15 17:39:28'),
('66','66','','1991-10-10 05:46:38','2002-09-22 01:46:21'),
('67','67','','2011-02-20 12:23:39','1992-09-30 18:22:20'),
('68','68','','1976-03-28 18:40:52','2008-08-14 08:13:45'),
('69','69','','1971-09-24 16:49:59','2002-09-24 14:32:46'),
('70','70','','1989-02-06 20:48:31','2000-09-26 02:46:20'),
('71','71','','1998-10-30 22:48:39','1989-08-06 13:41:33'),
('72','72','','1996-12-19 02:28:04','2005-09-01 03:54:42'),
('73','73','','2017-01-02 06:34:04','1979-12-16 17:39:50'),
('74','74','','1995-10-02 09:57:17','2012-12-18 11:38:47'),
('75','75','','2007-09-24 00:56:17','1970-12-11 07:49:46'),
('76','76','','1991-01-28 21:07:19','1989-06-10 18:01:49'),
('77','77','','2016-07-17 06:41:26','2019-09-22 07:58:29'),
('78','78','','1989-05-26 16:24:53','1997-04-06 10:41:20'),
('79','79','','2006-03-07 05:17:53','1981-09-10 07:11:31'),
('80','80','','1999-11-17 19:25:07','2017-09-14 23:16:50'); 


DROP TABLE IF EXISTS `likes`;
CREATE TABLE `likes` (
  `id` bigint(20) unsigned NOT NULL AUTO_INCREMENT,
  `user_id` bigint(20) unsigned NOT NULL,
  `media_id` bigint(20) unsigned NOT NULL,
  `created_at` datetime DEFAULT current_timestamp(),
  PRIMARY KEY (`id`)
) ENGINE=InnoDB AUTO_INCREMENT=81 DEFAULT CHARSET=utf8 COLLATE=utf8_unicode_ci;

INSERT INTO `likes` VALUES ('1','1','1','2014-06-14 08:07:19'),
('2','2','2','1984-02-19 15:24:51'),
('3','3','3','2013-11-17 13:04:07'),
('4','4','4','2011-03-17 11:18:04'),
('5','5','5','2018-07-05 17:48:38'),
('6','6','6','1983-07-03 01:27:40'),
('7','7','7','1998-03-09 21:24:41'),
('8','8','8','2007-03-29 09:25:05'),
('9','9','9','1980-08-20 15:38:00'),
('10','10','10','2000-06-18 11:54:26'),
('11','11','1','2016-07-15 01:06:49'),
('12','12','2','1972-08-05 21:51:22'),
('13','13','3','1979-03-18 02:17:33'),
('14','14','4','2018-04-13 11:35:38'),
('15','15','5','1990-01-19 16:45:18'),
('16','16','6','1974-11-14 19:47:19'),
('17','17','7','2002-04-17 18:26:05'),
('18','18','8','1973-04-04 19:28:05'),
('19','19','9','2007-11-05 23:38:19'),
('20','20','10','1986-09-18 06:23:32'),
('21','21','1','1974-09-29 14:36:45'),
('22','22','2','1979-08-29 02:20:42'),
('23','23','3','2016-06-11 21:36:15'),
('24','24','4','1993-10-01 23:30:17'),
('25','25','5','1993-12-29 08:46:02'),
('26','26','6','1996-11-12 02:38:30'),
('27','27','7','2013-08-25 02:42:10'),
('28','28','8','2018-07-11 08:20:27'),
('29','29','9','1976-01-14 23:07:34'),
('30','30','10','1984-10-06 06:55:03'),
('31','31','1','1973-05-30 04:02:15'),
('32','32','2','2006-07-26 09:12:15'),
('33','33','3','2011-10-28 18:36:48'),
('34','34','4','1978-09-08 05:24:57'),
('35','35','5','1985-05-07 07:58:54'),
('36','36','6','1996-04-12 08:16:52'),
('37','37','7','2018-11-16 10:07:08'),
('38','38','8','2005-02-03 21:42:23'),
('39','39','9','2000-07-08 23:15:01'),
('40','40','10','2013-06-15 00:00:27'),
('41','41','1','2007-01-17 17:37:47'),
('42','42','2','1972-07-07 06:10:51'),
('43','43','3','1972-07-08 19:49:48'),
('44','44','4','1987-11-22 05:00:34'),
('45','45','5','1983-03-10 17:21:25'),
('46','46','6','2006-08-11 17:27:04'),
('47','47','7','1996-10-31 10:45:16'),
('48','48','8','1976-08-14 17:40:01'),
('49','49','9','1972-07-09 23:24:38'),
('50','50','10','1975-09-13 14:03:59'),
('51','51','1','1990-01-23 02:26:25'),
('52','52','2','2011-05-14 20:43:37'),
('53','53','3','1981-01-13 02:23:15'),
('54','54','4','2017-08-22 22:26:48'),
('55','55','5','2009-02-23 17:53:34'),
('56','56','6','1986-01-21 09:18:57'),
('57','57','7','1978-07-29 15:26:04'),
('58','58','8','1990-03-07 04:49:17'),
('59','59','9','2006-12-19 18:47:01'),
('60','60','10','1994-04-02 00:04:09'),
('61','61','1','2005-03-17 09:54:44'),
('62','62','2','2018-06-25 01:34:57'),
('63','63','3','1986-06-25 03:06:38'),
('64','64','4','1999-10-23 12:43:40'),
('65','65','5','1980-08-23 13:08:29'),
('66','66','6','1980-08-13 23:43:05'),
('67','67','7','2009-02-09 10:51:34'),
('68','68','8','1985-01-05 22:13:19'),
('69','69','9','2004-06-18 19:34:43'),
('70','70','10','2015-03-07 16:53:27'),
('71','71','1','1988-03-19 12:37:55'),
('72','72','2','1974-02-18 00:30:56'),
('73','73','3','1976-05-06 04:56:41'),
('74','74','4','1975-06-25 09:27:19'),
('75','75','5','1995-07-01 06:45:52'),
('76','76','6','2005-02-23 08:42:14'),
('77','77','7','1992-12-22 03:15:08'),
('78','78','8','1977-06-12 12:41:51'),
('79','79','9','2003-03-27 21:58:06'),
('80','80','10','2012-02-16 19:33:37'); 


DROP TABLE IF EXISTS `media`;
CREATE TABLE `media` (
  `id` bigint(20) unsigned NOT NULL AUTO_INCREMENT,
  `media_type_id` bigint(20) unsigned NOT NULL,
  `user_id` bigint(20) unsigned NOT NULL,
  `body` text COLLATE utf8_unicode_ci DEFAULT NULL,
  `filename` varchar(255) COLLATE utf8_unicode_ci DEFAULT NULL,
  `size` int(11) DEFAULT NULL,
  `metadata` longtext CHARACTER SET utf8mb4 COLLATE utf8mb4_bin DEFAULT NULL,
  `created_at` datetime DEFAULT current_timestamp(),
  `updated_at` datetime DEFAULT current_timestamp() ON UPDATE current_timestamp(),
  PRIMARY KEY (`id`),
  KEY `user_id` (`user_id`),
  KEY `media_type_id` (`media_type_id`),
  CONSTRAINT `media_ibfk_1` FOREIGN KEY (`user_id`) REFERENCES `users` (`id`),
  CONSTRAINT `media_ibfk_2` FOREIGN KEY (`media_type_id`) REFERENCES `media_types` (`id`)
) ENGINE=InnoDB AUTO_INCREMENT=11 DEFAULT CHARSET=utf8 COLLATE=utf8_unicode_ci;

INSERT INTO `media` VALUES ('1','1','1','Fugit possimus veritatis vel blanditiis accusamus. Qui totam vitae eveniet porro sed corrupti voluptatem. Omnis nam earum sunt tenetur.','enim','4',NULL,'1996-09-16 17:40:23','1999-02-27 16:13:10'),
('2','2','2','Voluptate consectetur illo in veniam ut sequi. Quia eos officia rerum suscipit ipsum delectus ut. Sit earum eveniet culpa et.','et','7',NULL,'1991-04-08 20:25:25','1991-09-28 10:25:28'),
('3','3','3','Vero et ipsa aut nesciunt. Tempora dolor nihil nemo. Natus ut minima et qui. Culpa et esse qui consequatur in itaque.','possimus','8508060',NULL,'1995-04-16 18:41:10','2003-12-28 02:55:20'),
('4','4','4','Quis voluptatem vitae quia consequatur quisquam eum. Quaerat recusandae illum et eum voluptatum id qui. Natus voluptates deserunt dolores ea. Eveniet dolor dolor itaque doloremque officiis totam.','minima','3',NULL,'1976-04-24 08:10:33','1985-11-11 06:45:48'),
('5','5','5','Qui ea rerum consequuntur ullam nam optio sed. Consectetur minus consequatur maxime libero rem.','iusto','2781363',NULL,'1993-07-08 23:00:32','2002-08-04 16:34:00'),
('6','6','6','Quisquam qui excepturi commodi praesentium. Earum labore nulla et temporibus saepe. Molestiae dignissimos nulla magnam rerum animi et. Sit modi ipsa vitae perferendis quibusdam laudantium atque.','qui','383237880',NULL,'1975-10-11 20:53:00','2002-05-11 03:39:41'),
('7','7','7','Doloribus dicta porro ratione possimus dolorem molestiae voluptatem. Voluptatum est non sed vel. Praesentium deserunt nihil cumque ea rerum ut.','at','1837',NULL,'1986-01-01 07:28:42','2014-10-31 09:44:40'),
('8','8','8','Libero fuga aliquid explicabo qui sed autem sunt quia. Ipsam non aut facere quis. Voluptas placeat saepe occaecati odit deserunt.','commodi','1',NULL,'2007-06-01 05:58:48','2012-01-14 14:24:08'),
('9','9','9','Nostrum incidunt earum doloremque ea recusandae. Vitae minus minus velit excepturi officia. Non fugit ratione voluptas libero.','et','692400792',NULL,'1992-10-04 18:04:18','1996-05-06 02:56:20'),
('10','10','10','Quia ipsam unde corporis. Dolorem ut molestiae possimus laboriosam quae nobis vel. Illo ea adipisci architecto id unde ipsum odit. Eveniet tenetur culpa voluptate ipsam quo aut vitae.','dicta','5',NULL,'2007-07-25 06:19:20','2009-03-04 21:09:16'); 


DROP TABLE IF EXISTS `media_types`;
CREATE TABLE `media_types` (
  `id` bigint(20) unsigned NOT NULL AUTO_INCREMENT,
  `name` varchar(255) COLLATE utf8_unicode_ci DEFAULT NULL,
  `created_at` datetime DEFAULT current_timestamp(),
  `updated_at` datetime DEFAULT current_timestamp() ON UPDATE current_timestamp(),
  PRIMARY KEY (`id`)
) ENGINE=InnoDB AUTO_INCREMENT=11 DEFAULT CHARSET=utf8 COLLATE=utf8_unicode_ci;

INSERT INTO `media_types` VALUES ('1','magni','2006-07-13 07:38:42','2015-03-14 23:33:06'),
('2','impedit','1976-06-09 01:56:51','1989-04-23 16:19:28'),
('3','qui','2009-02-04 11:42:38','1975-07-17 00:42:43'),
('4','provident','2010-03-12 14:39:47','1987-11-26 00:20:23'),
('5','non','1998-12-16 19:40:47','1983-09-30 22:48:17'),
('6','fuga','1995-07-04 14:58:42','1997-06-05 07:52:17'),
('7','autem','2013-04-27 18:54:49','1971-02-16 18:31:33'),
('8','tempora','1972-12-03 20:52:26','2014-03-28 14:52:31'),
('9','ipsa','1981-03-04 18:05:06','1975-08-10 03:22:45'),
('10','fugit','2007-12-18 05:05:23','1975-10-14 22:07:31'); 


DROP TABLE IF EXISTS `messages`;
CREATE TABLE `messages` (
  `id` bigint(20) unsigned NOT NULL AUTO_INCREMENT,
  `from_user_id` bigint(20) unsigned NOT NULL,
  `to_user_id` bigint(20) unsigned NOT NULL,
  `body` text COLLATE utf8_unicode_ci DEFAULT NULL,
  `created_at` datetime DEFAULT current_timestamp(),
  PRIMARY KEY (`id`),
  KEY `messages_from_user_id` (`from_user_id`),
  KEY `messages_to_user_id` (`to_user_id`),
  CONSTRAINT `messages_ibfk_1` FOREIGN KEY (`from_user_id`) REFERENCES `users` (`id`),
  CONSTRAINT `messages_ibfk_2` FOREIGN KEY (`to_user_id`) REFERENCES `users` (`id`)
) ENGINE=InnoDB AUTO_INCREMENT=101 DEFAULT CHARSET=utf8 COLLATE=utf8_unicode_ci;

INSERT INTO `messages` VALUES ('1','1','1','Facilis error ut in quam quae. Doloremque aliquid iste doloribus explicabo vel assumenda. Sit asperiores eos alias.','1989-02-02 10:23:58'),
('2','2','2','Qui omnis hic repudiandae officiis officiis. Excepturi mollitia debitis exercitationem ab autem sed. Cupiditate amet quo iure dolor sint numquam.','1986-02-16 23:20:22'),
('3','3','3','Voluptas nulla nostrum sunt sint molestias sit aut. Non molestias error earum totam est quia rem eligendi.','1985-06-03 12:44:41'),
('4','4','4','Laborum necessitatibus dolores ipsam repellat consequatur ipsa consequatur. Error minus est iure similique animi. Ut doloremque aut nesciunt est similique id numquam. Beatae id aut dolor ipsum assumenda.','1985-04-14 13:59:39'),
('5','5','5','Iure ipsum quidem dignissimos earum et velit distinctio cupiditate. Voluptatem ratione perspiciatis possimus voluptas omnis voluptatem officiis. Quae pariatur culpa voluptatem incidunt ut eum vero aliquam. Mollitia vel illo eligendi ut. Illo assumenda itaque sint commodi reiciendis.','1985-09-04 15:34:28'),
('6','6','6','Sunt rerum soluta quisquam nobis numquam id aut aliquam. Ut animi dignissimos ut. Libero placeat autem ducimus consequatur magnam repudiandae.','2019-12-13 01:57:24'),
('7','7','7','Sit ratione fugiat laboriosam iste similique corporis. Iusto iusto iure ad. Esse labore laudantium esse iste eveniet.','1970-09-14 18:23:39'),
('8','8','8','Quidem aliquam quae eius cumque molestiae. Voluptas est autem eius sit dignissimos. Debitis vel suscipit porro ducimus aut.','1991-06-06 02:12:38'),
('9','9','9','Commodi autem quia voluptatem cumque qui. Voluptas tempore sit vel alias accusantium. Veritatis dolores quia qui omnis. Rerum aspernatur dignissimos voluptate error numquam.','1981-12-14 17:18:03'),
('10','10','10','Dolores aut cupiditate facere expedita maiores sunt est. Optio assumenda aspernatur qui et et cupiditate. Qui voluptatem sunt fuga mollitia cupiditate iure dolore ipsum. Non odio sapiente distinctio voluptatem maiores hic.','2010-06-03 14:04:23'),
('11','11','11','Aut incidunt voluptatem omnis. Perferendis iste aliquam quos qui. Architecto minus enim rerum consequatur consectetur et.','1987-02-13 10:25:11'),
('12','12','12','Nihil eaque aut reprehenderit. Necessitatibus unde libero molestiae laborum ea architecto ex. Accusamus iste quo adipisci ex autem a iusto.','1990-08-06 22:26:02'),
('13','13','13','Animi nam voluptatem facilis. Culpa maiores iste odit velit eveniet est ex eius. Error consequatur fuga sint facere rerum ratione ad. Accusamus eum tempora repudiandae iste ex vero.','2003-04-11 08:48:01'),
('14','14','14','Impedit tenetur sed velit optio qui. Aut illum ut occaecati quae aliquid esse.','2014-01-11 09:48:04'),
('15','15','15','Iusto a ut quia eos. Officiis eveniet facere error voluptates est tenetur. Aut nam dignissimos reprehenderit neque labore amet deserunt. Consequatur consequuntur repellat quia illum aut.','2008-07-08 09:42:25'),
('16','16','16','Aut sed iure et. Qui ipsum et impedit saepe facilis et vel. Veniam repellendus dolor error non. Amet delectus vitae mollitia voluptatem eaque.','1972-09-25 11:21:31'),
('17','17','17','Eius et iure id est eos sint in. Et laudantium autem eum in repudiandae dolor est.','2004-07-15 19:33:52'),
('18','18','18','Hic aliquid molestiae quibusdam alias. Enim et est ipsa voluptatem et. Qui nihil aut facere aspernatur laboriosam non. Qui soluta perferendis est doloremque.','1982-09-21 18:15:40'),
('19','19','19','Explicabo facilis qui beatae. Illo et velit aperiam sed ratione. Veritatis dolor cumque omnis. Maxime iste voluptatem culpa hic.','2013-10-18 15:17:00'),
('20','20','20','Quo dolorum sint voluptas reiciendis illo et. Excepturi praesentium qui sapiente facere quia nam. Tempore in modi fugit culpa recusandae quo voluptas qui. Ut sed sapiente accusantium aliquid.','1985-09-14 17:53:02'),
('21','21','21','Voluptatem velit animi qui et sunt. Est quod ut consequatur nihil. Deleniti mollitia esse qui qui. Repellendus beatae natus ut placeat deleniti dolorum.','2003-01-26 19:18:13'),
('22','22','22','Enim sed accusantium qui nulla nostrum. Perferendis perferendis in repudiandae nihil optio. Et non quo magni est quos consequatur eaque soluta.','1985-02-20 11:17:31'),
('23','23','23','Nihil aut suscipit quas quo. Et molestias doloribus quisquam aut et expedita tenetur. Recusandae adipisci quia laboriosam quo ducimus harum et.','1998-08-31 00:19:27'),
('24','24','24','Eum in consequatur quia quia adipisci in. Facilis et deserunt nobis soluta dignissimos maiores et aut. Odit rerum cum cum voluptas totam rem aperiam.','2007-08-21 11:53:49'),
('25','25','25','Officia ea voluptatem eos tempore minima numquam quo. Sunt sed error illum sint consequatur. Beatae iste hic dolore. Suscipit est nemo earum dolore eum deleniti. Perspiciatis aut error non aliquam alias.','2017-10-20 07:26:44'),
('26','26','26','Qui reiciendis ipsa et. Cumque optio repudiandae ipsam architecto sit omnis. Quibusdam iste quisquam possimus exercitationem sed veritatis repellendus. Aut dignissimos consequuntur quisquam magni nemo enim.','2000-10-28 15:26:44'),
('27','27','27','Sit saepe eum qui ut rem quasi. Accusantium ut rerum sunt aut. Voluptatem aut officiis ut minima. Est velit cum molestias assumenda. Et in nisi eos.','1998-07-14 22:05:30'),
('28','28','28','Esse quia dolores recusandae provident veniam. Atque magni pariatur aut quas aperiam. Nemo voluptates reiciendis blanditiis et tempora nostrum a. Voluptatem officia aut nam magni saepe sunt.','2018-04-09 10:07:29'),
('29','29','29','Cupiditate quis eius animi voluptatem sed. Corrupti quia quidem voluptatem voluptas quia recusandae. Commodi saepe provident nihil consectetur harum. Est nihil consequatur quo voluptatem cumque.','1993-05-07 19:53:35'),
('30','30','30','Qui voluptas corporis tempora velit voluptates. Ea rerum iusto nostrum et ut. At cupiditate consequatur mollitia.','2006-07-11 14:14:41'),
('31','31','31','Sed et voluptatem vitae et accusantium labore saepe. Neque eos eum nesciunt possimus illum ipsa nihil. Illo accusantium dolores ipsa nobis et.','1985-12-07 11:12:15'),
('32','32','32','Ipsa voluptatem sed eius perspiciatis cupiditate adipisci beatae dolore. Eius animi est nulla facere. Ullam consectetur aut vel suscipit est sint ut non.','1979-11-20 13:44:41'),
('33','33','33','Vero ut optio beatae itaque quibusdam. Consequatur quia necessitatibus nobis inventore. Et dignissimos aliquid maxime porro. Suscipit sunt sed voluptas non impedit nemo.','1973-11-10 22:32:41'),
('34','34','34','Fuga sint delectus ut neque sit. Quia quo optio voluptates asperiores necessitatibus nisi. Ut accusamus consectetur voluptatem quod harum iste.','2010-04-16 18:47:03'),
('35','35','35','Quia dolores laudantium omnis. Eos quibusdam ipsa nam dolorum perferendis aut velit. Et amet occaecati voluptatibus minus qui molestiae.','1982-02-14 16:23:53'),
('36','36','36','Nostrum excepturi voluptatem et impedit repudiandae aperiam nostrum repellendus. Cum et eum doloribus tempore quod qui est. Enim sed in consectetur eligendi. Consequatur magnam consequuntur distinctio reprehenderit et harum. Qui aliquid eius ut et tenetur.','2011-03-26 04:00:21'),
('37','37','37','Id explicabo amet ea at molestias. Aliquam nemo laudantium totam. Voluptate et qui qui omnis nihil. In blanditiis quo quisquam deserunt vel itaque.','1975-04-02 19:29:09'),
('38','38','38','In possimus ea distinctio doloribus non. Fugiat impedit nobis nulla est voluptatibus fuga. Laudantium occaecati tempora dolores distinctio aspernatur commodi rem.','1998-08-02 08:29:25'),
('39','39','39','Temporibus consequuntur exercitationem quis in nisi qui ut provident. Saepe reiciendis voluptatem dicta tempora quibusdam laudantium fuga.','2007-11-13 18:58:34'),
('40','40','40','Nam qui provident occaecati sint quisquam non. Quibusdam rerum id vel aut sapiente quia delectus rerum. Ipsum magnam ducimus iste minus at fugit.','1977-09-12 15:32:11'),
('41','41','41','Impedit doloremque voluptas dignissimos. Odio recusandae earum quo praesentium. Voluptates exercitationem voluptas aut iusto rerum.','1989-02-07 21:19:52'),
('42','42','42','Veniam ullam consequatur est excepturi aspernatur. Sapiente commodi rerum et incidunt sed impedit fuga. Dolorem qui porro eum illo praesentium.','2013-01-18 23:13:56'),
('43','43','43','Autem ipsum tenetur ut nobis. Qui aliquam neque repudiandae nemo modi esse. Enim natus aliquam quis iure illo. Et laboriosam accusantium quibusdam et rerum voluptatem.','2003-07-03 20:19:45'),
('44','44','44','Laborum id hic sapiente earum est. Dolores quas facere eligendi labore. Id cum eos doloribus nihil. Aliquid voluptate vel omnis.','1984-12-23 05:35:39'),
('45','45','45','Deserunt quam qui sed. Sed earum nam quia dolores et. Odit mollitia asperiores occaecati.','2019-05-07 19:53:06'),
('46','46','46','Officia velit deleniti molestiae quod. Repellendus nemo porro optio. Dolorum ut tempore ullam magnam ipsum incidunt occaecati. Sit est quam placeat maiores.','2006-04-15 05:48:50'),
('47','47','47','Voluptas eveniet praesentium eum. Facere temporibus est nulla omnis dignissimos est facilis dolores. Excepturi quia et fugit vitae unde voluptates culpa.','1974-07-19 21:32:56'),
('48','48','48','Cumque ipsa a consequatur. Amet blanditiis dolor voluptates quisquam sint. Ad tenetur dolores aut aut enim cupiditate maiores et.','2013-07-19 07:09:00'),
('49','49','49','Consequatur voluptas dolorem enim laboriosam corporis aut. Aut ut praesentium repudiandae et sit. Et debitis architecto quo quia.','1992-01-18 12:09:48'),
('50','50','50','Et amet tempore quos ipsam quisquam ipsum dignissimos. Officiis suscipit eius labore voluptas unde veritatis alias. Dolore veniam vero nihil qui aut.','1988-09-02 09:24:22'),
('51','51','51','Perspiciatis sit ut dolore aspernatur earum amet. Qui dolorem quia quo doloremque. Qui iure et neque ratione commodi aspernatur tempore quia.','2017-04-26 12:17:38'),
('52','52','52','Maiores aut fuga ut sint temporibus laborum. Eaque nobis repellendus facere autem eos velit magni. Provident debitis facilis vitae esse molestiae quas.','2005-02-20 12:26:17'),
('53','53','53','Qui ipsam amet consequatur quas sed. Sed unde id cum alias facilis. Est optio quia sed consequatur possimus sit suscipit. Dolorem adipisci omnis ducimus id alias qui qui.','1996-09-16 07:05:23'),
('54','54','54','Unde quibusdam non alias tempore omnis. Hic consequuntur consequatur asperiores vero ipsa. Et consequatur quasi ipsam et nihil dolor sequi.','2018-09-22 03:28:49'),
('55','55','55','Nesciunt hic cumque sit dignissimos. Eaque numquam consequatur reiciendis est et non nemo. Est qui aut repellat harum. Debitis exercitationem ut qui.','2009-05-19 10:10:12'),
('56','56','56','Quia sed neque qui quo fugiat. Omnis impedit dolores est dolor. Recusandae omnis rerum magnam aut cupiditate eaque. Aliquid nesciunt voluptatum quidem aut doloribus doloribus corporis laudantium. Quaerat natus nemo aspernatur est consequatur beatae sed.','2003-10-09 20:13:04'),
('57','57','57','Rerum architecto id ad tenetur est quis sint. Omnis asperiores nostrum sit recusandae qui. Voluptas possimus aut aut deleniti. Ut amet sint sunt qui dicta voluptates.','1989-09-25 05:01:36'),
('58','58','58','Eius quis corrupti incidunt reprehenderit. Numquam repellat quibusdam optio esse enim illum odio et. Fuga quia expedita ut iure nisi. Et molestiae ut quia voluptate quaerat officia.','2015-05-23 06:29:35'),
('59','59','59','Quia quisquam molestiae molestias quod qui nostrum repudiandae. Doloribus voluptatem ad corrupti provident dicta facere. Reprehenderit autem placeat cupiditate dolorum qui. Facilis temporibus perspiciatis officiis eum voluptas.','1985-03-06 06:52:10'),
('60','60','60','Sapiente ex necessitatibus rerum debitis consectetur corrupti est qui. Adipisci minima et dolor. Eius debitis consectetur laboriosam et tenetur excepturi.','2013-04-27 02:59:03'),
('61','61','61','Et et eos aut quos repellendus velit. Possimus deserunt consequatur fugit sit vero et. Nemo repudiandae odio aperiam non. Aperiam rem ut quaerat autem animi. Doloribus rerum itaque est qui excepturi asperiores sint.','1988-03-19 01:52:29'),
('62','62','62','Expedita alias rerum non id aperiam quo. Et dolores voluptas et error expedita maxime voluptas. Fuga tenetur ex exercitationem dolorem ipsa laborum voluptas. Atque nam nam eos qui nihil minus.','2004-11-23 01:33:22'),
('63','63','63','Omnis eaque tempore ut qui odio. Fugit odio omnis commodi. Placeat est nam eos laboriosam distinctio odio. Repellat exercitationem nulla ipsum quos.','1976-12-20 23:07:19'),
('64','64','64','Esse molestiae id odio error ut rem quidem. Ut rerum ab optio et iusto. Amet eos omnis officiis officiis quasi eveniet est. Est modi quos qui porro sed ea.','1974-01-01 12:53:46'),
('65','65','65','Fuga a consequuntur voluptate alias corporis. Dolores vel velit recusandae consequatur. Porro reiciendis soluta amet repellendus exercitationem. Rerum vel molestias esse et omnis eaque.','2010-06-02 10:13:38'),
('66','66','66','Quasi eveniet blanditiis quisquam voluptatem dolores. Voluptatibus consequuntur corrupti vero temporibus ducimus. Quia sit possimus blanditiis recusandae et. Ut libero maxime dolorem voluptatem quae ea facilis.','2017-01-31 05:36:43'),
('67','67','67','Tenetur eveniet ut ducimus beatae minima. Cupiditate odit dolor eos qui fuga ullam. Et rem harum dolores optio aut excepturi debitis.','2014-06-08 04:29:41'),
('68','68','68','Dicta et nulla doloribus sed. Ea rem non explicabo consequatur consequatur et sed.','1987-08-23 12:36:47'),
('69','69','69','Similique perferendis nemo ea nesciunt ea pariatur animi quisquam. Hic autem voluptates quasi facilis vel reiciendis. Voluptas reprehenderit aspernatur aut accusantium non earum maxime. Tenetur porro saepe repellat est qui enim aperiam necessitatibus.','2006-07-29 22:28:37'),
('70','70','70','Ipsum fugiat temporibus vel. Doloremque tempora velit ratione. Asperiores nemo porro ut fuga laborum minima sint.','2003-04-30 08:57:01'),
('71','71','71','Nihil voluptatem nulla sit. Tempore est tempora quam numquam aut iste nam. Ut enim et et est ipsa assumenda rerum. Vel quia repellendus amet.','1976-02-13 06:52:18'),
('72','72','72','Illum quas itaque occaecati. Sequi quae dolores qui corporis amet vero voluptates consequatur. Ex facilis et et accusamus.','2013-03-21 13:53:21'),
('73','73','73','Ad et sit dolorum. Praesentium cum optio sunt incidunt. Assumenda natus dolorem et. Numquam quod qui minima ex perspiciatis autem sunt.','2004-12-01 19:40:27'),
('74','74','74','Possimus dolor eligendi doloribus aut quo. Vel libero harum incidunt dolorem vel velit rerum.','1995-05-07 21:13:10'),
('75','75','75','Aut ipsam deleniti illum et animi commodi inventore. Qui adipisci repellendus et beatae. Autem repudiandae saepe illum eligendi aut facere.','1976-02-28 23:43:32'),
('76','76','76','Necessitatibus illo ea qui libero est facere repellat. Eveniet consequatur suscipit quis est est rem et. Optio nostrum explicabo est facere repudiandae amet.','2018-08-24 09:21:35'),
('77','77','77','Dolore omnis ullam ad quaerat dolores et voluptatem. Nesciunt iusto dolores in est. Quis molestiae consequuntur sint at corrupti a.','2004-07-31 03:48:05'),
('78','78','78','Hic sit ad consequatur et animi. Asperiores expedita dicta est et ipsa. Et ut velit facere. Quas provident sequi molestiae quas ut.','1987-08-09 12:25:00'),
('79','79','79','Voluptates praesentium rerum quisquam est voluptas autem pariatur. Distinctio et commodi distinctio. Ut repellat nostrum et eum nobis facilis. Reiciendis dolores quo rerum architecto aut.','1988-01-29 20:47:07'),
('80','80','80','Qui voluptas qui maiores cum deleniti voluptas. Earum dolores sed vel.','1997-06-19 01:26:28'),
('81','81','81','Incidunt et sapiente itaque ipsum. Est eaque sit qui laboriosam aut. Odit rerum amet sint maiores. Repellat itaque nulla est nobis a esse voluptatum.','1980-03-10 14:43:58'),
('82','82','82','Sunt minus in sed reiciendis. Quasi est animi voluptas cumque quia. Nisi id unde repudiandae necessitatibus repudiandae et.','2004-07-09 08:52:25'),
('83','83','83','Ea reprehenderit nemo rem. Voluptatem totam nostrum voluptatibus. Aut accusantium aut asperiores eos vel adipisci iusto. Iure est ut molestiae molestiae et.','2016-01-27 20:49:46'),
('84','84','84','Accusamus nesciunt error vero voluptate voluptatem id vel veniam. Omnis iusto omnis hic tempore laudantium molestias ratione reiciendis. Vitae omnis et labore consequatur voluptatibus exercitationem. Eos vel tenetur odio.','1982-02-27 15:33:29'),
('85','85','85','Quia autem vel aliquid sit ex placeat. Quis facilis quaerat ratione. Eaque ut molestiae ut qui qui. Ratione laborum rerum et doloribus aut consectetur.','1993-09-17 09:46:15'),
('86','86','86','Nobis quia autem quas sint doloremque. Error sed sit dolorem eveniet quisquam ut. Eligendi sapiente non et ad occaecati.','2003-07-21 00:42:38'),
('87','87','87','Voluptas quia et placeat. Fugiat similique beatae assumenda et qui assumenda. Error neque deleniti quia aperiam exercitationem.','1988-03-18 19:04:07'),
('88','88','88','Consequatur et quia vero voluptatem excepturi et dolore. Fugiat qui architecto consequuntur. Rem molestiae inventore sed ut quia minima.','1991-11-30 00:36:09'),
('89','89','89','Provident atque fuga iusto unde. Eveniet perferendis saepe quos dolorem laudantium nesciunt. Repellendus molestiae earum necessitatibus temporibus modi dolores consequatur.','2017-04-09 22:17:29'),
('90','90','90','Dolorem quaerat at quis. Ducimus eligendi inventore magni eos inventore voluptatem illo. Doloremque adipisci saepe voluptate. Ipsam omnis sed cum in.','1990-10-21 06:43:33'),
('91','91','91','Aut at molestias asperiores quos eos unde adipisci. Et ad omnis qui voluptatem qui hic cumque.','2019-10-05 14:26:26'),
('92','92','92','Consequatur est itaque eligendi soluta maxime minus debitis. Excepturi est recusandae id dolores.','1998-09-05 19:37:53'),
('93','93','93','Ad voluptatum at qui quos molestiae sit. Architecto repellendus quisquam impedit alias et. Animi deleniti qui sunt sint ipsam. Sit numquam ea praesentium necessitatibus non eum.','2003-10-13 02:20:34'),
('94','94','94','Rem assumenda explicabo exercitationem qui recusandae aut maiores asperiores. Placeat atque praesentium deserunt eius. Eos earum minus est voluptas id. Doloremque et consequatur culpa velit blanditiis esse.','1972-04-12 23:28:54'),
('95','95','95','Esse aut deserunt vel exercitationem laboriosam recusandae. Nihil occaecati id et qui ullam. Ut dolores atque natus aliquam quisquam.','1999-07-22 23:27:15'),
('96','96','96','Quisquam labore adipisci autem provident at nulla voluptates. Expedita commodi nihil dolores aspernatur. Inventore ut fugit consequatur consequatur nostrum aut. Quibusdam accusantium nam cumque eveniet.','2000-01-15 08:07:29'),
('97','97','97','Eum tenetur dicta omnis non et illum. Qui amet rem soluta.','1972-10-02 02:55:32'),
('98','98','98','Laborum quibusdam fugit odio animi molestiae assumenda. Corrupti ut ratione aut reiciendis. Sunt quia ea excepturi at tempore. Eos voluptatibus corrupti quaerat.','2002-02-19 04:14:14'),
('99','99','99','Vitae eos sed dolor quo eum qui. Ex eveniet et voluptas inventore. Corrupti sed perferendis et quaerat. Repellat voluptatem nisi numquam praesentium enim dolorum.','1987-02-19 16:22:26'),
('100','100','100','Qui aperiam voluptatem qui aut ex voluptatibus rerum quia. Rerum omnis neque et consequatur aut eum cupiditate recusandae. Vel cum sed voluptatum et et. Ex tenetur sit libero velit itaque sunt.','2004-08-14 08:32:51'); 


DROP TABLE IF EXISTS `photo_albums`;
CREATE TABLE `photo_albums` (
  `id` bigint(20) unsigned NOT NULL AUTO_INCREMENT,
  `name` varchar(255) COLLATE utf8_unicode_ci DEFAULT NULL,
  `user_id` bigint(20) unsigned DEFAULT NULL,
  PRIMARY KEY (`id`),
  UNIQUE KEY `id` (`id`),
  KEY `user_id` (`user_id`),
  CONSTRAINT `photo_albums_ibfk_1` FOREIGN KEY (`user_id`) REFERENCES `users` (`id`)
) ENGINE=InnoDB AUTO_INCREMENT=41 DEFAULT CHARSET=utf8 COLLATE=utf8_unicode_ci;

INSERT INTO `photo_albums` VALUES ('1','quaerat','1'),
('2','perferendis','2'),
('3','laborum','3'),
('4','ipsa','4'),
('5','est','5'),
('6','enim','6'),
('7','rem','7'),
('8','temporibus','8'),
('9','aut','9'),
('10','id','10'),
('11','iste','11'),
('12','ea','12'),
('13','incidunt','13'),
('14','adipisci','14'),
('15','iste','15'),
('16','sit','16'),
('17','amet','17'),
('18','vero','18'),
('19','quis','19'),
('20','nostrum','20'),
('21','porro','21'),
('22','et','22'),
('23','non','23'),
('24','in','24'),
('25','repellat','25'),
('26','dolore','26'),
('27','iste','27'),
('28','eligendi','28'),
('29','eos','29'),
('30','aspernatur','30'),
('31','vero','31'),
('32','quasi','32'),
('33','impedit','33'),
('34','odio','34'),
('35','consequatur','35'),
('36','assumenda','36'),
('37','enim','37'),
('38','quisquam','38'),
('39','ut','39'),
('40','enim','40'); 


DROP TABLE IF EXISTS `photos`;
CREATE TABLE `photos` (
  `id` bigint(20) unsigned NOT NULL AUTO_INCREMENT,
  `album_id` bigint(20) unsigned NOT NULL,
  `media_id` bigint(20) unsigned NOT NULL,
  PRIMARY KEY (`id`),
  KEY `album_id` (`album_id`),
  KEY `media_id` (`media_id`),
  CONSTRAINT `photos_ibfk_1` FOREIGN KEY (`album_id`) REFERENCES `photo_albums` (`id`),
  CONSTRAINT `photos_ibfk_2` FOREIGN KEY (`media_id`) REFERENCES `media` (`id`)
) ENGINE=InnoDB AUTO_INCREMENT=101 DEFAULT CHARSET=utf8 COLLATE=utf8_unicode_ci;

INSERT INTO `photos` VALUES ('1','1','1'),
('2','2','2'),
('3','3','3'),
('4','4','4'),
('5','5','5'),
('6','6','6'),
('7','7','7'),
('8','8','8'),
('9','9','9'),
('10','10','10'),
('11','11','1'),
('12','12','2'),
('13','13','3'),
('14','14','4'),
('15','15','5'),
('16','16','6'),
('17','17','7'),
('18','18','8'),
('19','19','9'),
('20','20','10'),
('21','21','1'),
('22','22','2'),
('23','23','3'),
('24','24','4'),
('25','25','5'),
('26','26','6'),
('27','27','7'),
('28','28','8'),
('29','29','9'),
('30','30','10'),
('31','31','1'),
('32','32','2'),
('33','33','3'),
('34','34','4'),
('35','35','5'),
('36','36','6'),
('37','37','7'),
('38','38','8'),
('39','39','9'),
('40','40','10'),
('41','1','1'),
('42','2','2'),
('43','3','3'),
('44','4','4'),
('45','5','5'),
('46','6','6'),
('47','7','7'),
('48','8','8'),
('49','9','9'),
('50','10','10'),
('51','11','1'),
('52','12','2'),
('53','13','3'),
('54','14','4'),
('55','15','5'),
('56','16','6'),
('57','17','7'),
('58','18','8'),
('59','19','9'),
('60','20','10'),
('61','21','1'),
('62','22','2'),
('63','23','3'),
('64','24','4'),
('65','25','5'),
('66','26','6'),
('67','27','7'),
('68','28','8'),
('69','29','9'),
('70','30','10'),
('71','31','1'),
('72','32','2'),
('73','33','3'),
('74','34','4'),
('75','35','5'),
('76','36','6'),
('77','37','7'),
('78','38','8'),
('79','39','9'),
('80','40','10'),
('81','1','1'),
('82','2','2'),
('83','3','3'),
('84','4','4'),
('85','5','5'),
('86','6','6'),
('87','7','7'),
('88','8','8'),
('89','9','9'),
('90','10','10'),
('91','11','1'),
('92','12','2'),
('93','13','3'),
('94','14','4'),
('95','15','5'),
('96','16','6'),
('97','17','7'),
('98','18','8'),
('99','19','9'),
('100','20','10'); 


DROP TABLE IF EXISTS `profiles`;
CREATE TABLE `profiles` (
  `user_id` bigint(20) unsigned NOT NULL AUTO_INCREMENT,
  `gender` char(1) COLLATE utf8_unicode_ci DEFAULT NULL,
  `birthday` date DEFAULT NULL,
  `photo_id` bigint(20) unsigned DEFAULT NULL,
  `created_at` datetime DEFAULT current_timestamp(),
  `hometown` varchar(100) COLLATE utf8_unicode_ci DEFAULT NULL,
  PRIMARY KEY (`user_id`),
  CONSTRAINT `profiles_ibfk_1` FOREIGN KEY (`user_id`) REFERENCES `users` (`id`) ON UPDATE CASCADE
) ENGINE=InnoDB AUTO_INCREMENT=101 DEFAULT CHARSET=utf8 COLLATE=utf8_unicode_ci;

INSERT INTO `profiles` VALUES ('1',NULL,'2015-06-29','1','1982-03-18 22:46:01',NULL),
('2',NULL,'1976-07-17','2','1977-05-10 05:41:36',NULL),
('3',NULL,'2006-09-02','3','1980-05-09 04:12:45',NULL),
('4',NULL,'2012-05-12','4','1981-12-05 06:06:09',NULL),
('5',NULL,'2011-12-25','5','1999-02-07 19:06:36',NULL),
('6',NULL,'1974-09-06','6','2002-09-14 02:14:07',NULL),
('7',NULL,'2014-03-23','7','1979-12-03 11:26:20',NULL),
('8',NULL,'2019-10-08','8','1988-03-02 18:55:00',NULL),
('9',NULL,'1977-02-23','9','1991-05-22 06:10:41',NULL),
('10',NULL,'2019-02-09','10','1984-02-09 17:26:24',NULL),
('11',NULL,'1987-02-20','11','1971-02-19 01:40:51',NULL),
('12',NULL,'1980-09-06','12','2004-03-28 20:14:54',NULL),
('13',NULL,'1970-11-29','13','2009-11-07 14:22:08',NULL),
('14',NULL,'2013-08-26','14','1999-09-10 18:17:52',NULL),
('15',NULL,'2013-12-24','15','2010-08-31 19:08:40',NULL),
('16',NULL,'1986-04-12','16','1983-04-17 15:35:43',NULL),
('17',NULL,'1988-12-11','17','1982-09-27 02:27:19',NULL),
('18',NULL,'1972-04-08','18','1983-05-30 22:17:23',NULL),
('19',NULL,'1995-10-04','19','1973-08-27 17:13:46',NULL),
('20',NULL,'2014-09-03','20','2004-07-09 17:31:52',NULL),
('21',NULL,'1990-01-21','21','1982-10-05 16:42:51',NULL),
('22',NULL,'1991-12-14','22','1993-05-14 15:19:07',NULL),
('23',NULL,'1981-03-03','23','1980-04-03 02:56:31',NULL),
('24',NULL,'1997-02-14','24','2009-07-21 12:02:27',NULL),
('25',NULL,'1994-11-04','25','1996-01-05 07:21:52',NULL),
('26',NULL,'1980-06-29','26','1977-11-11 15:32:11',NULL),
('27',NULL,'2000-12-19','27','1994-03-29 23:43:23',NULL),
('28',NULL,'1983-07-02','28','2009-01-04 14:09:59',NULL),
('29',NULL,'2006-12-10','29','2007-03-02 18:46:28',NULL),
('30',NULL,'1978-04-30','30','1977-02-14 04:36:42',NULL),
('31',NULL,'1989-01-20','31','2001-05-26 02:43:21',NULL),
('32',NULL,'1982-10-11','32','2009-02-18 09:48:39',NULL),
('33',NULL,'1998-12-23','33','2000-10-06 23:35:55',NULL),
('34',NULL,'1971-02-09','34','2015-01-14 20:59:22',NULL),
('35',NULL,'2017-12-20','35','2011-01-05 08:08:47',NULL),
('36',NULL,'1990-02-17','36','1996-08-03 08:11:42',NULL),
('37',NULL,'1971-07-12','37','2008-08-29 20:40:50',NULL),
('38',NULL,'1987-07-01','38','1991-06-25 15:48:27',NULL),
('39',NULL,'1972-11-17','39','1973-05-14 19:06:02',NULL),
('40',NULL,'1987-03-17','40','1995-01-29 08:38:24',NULL),
('41',NULL,'1984-11-05','41','2011-12-29 05:03:28',NULL),
('42',NULL,'2003-03-18','42','1988-12-26 18:46:57',NULL),
('43',NULL,'1973-07-21','43','1970-06-20 15:31:53',NULL),
('44',NULL,'2015-06-13','44','2003-07-11 10:05:18',NULL),
('45',NULL,'1980-11-17','45','1991-04-21 15:25:37',NULL),
('46',NULL,'1987-03-16','46','1985-11-29 15:32:47',NULL),
('47',NULL,'1973-06-25','47','1996-03-07 06:31:16',NULL),
('48',NULL,'1984-10-16','48','1974-03-18 14:31:07',NULL),
('49',NULL,'1996-04-24','49','2018-02-25 09:18:06',NULL),
('50',NULL,'1983-07-23','50','1999-02-12 15:28:57',NULL),
('51',NULL,'1998-10-01','51','2007-04-19 11:45:07',NULL),
('52',NULL,'1996-02-29','52','2012-05-05 09:17:21',NULL),
('53',NULL,'2018-09-05','53','1984-05-13 03:48:43',NULL),
('54',NULL,'2010-08-06','54','2007-08-11 11:38:44',NULL),
('55',NULL,'1994-12-27','55','1979-06-12 13:41:05',NULL),
('56',NULL,'1981-01-12','56','2002-11-29 20:13:32',NULL),
('57',NULL,'1975-08-18','57','2002-11-18 14:27:16',NULL),
('58',NULL,'1996-05-17','58','1978-06-27 22:04:50',NULL),
('59',NULL,'2005-10-19','59','1978-06-24 01:24:11',NULL),
('60',NULL,'1997-03-24','60','1994-02-07 12:19:49',NULL),
('61',NULL,'1975-11-11','61','1978-10-26 11:57:10',NULL),
('62',NULL,'2012-11-24','62','1979-07-14 13:08:28',NULL),
('63',NULL,'1992-12-31','63','1994-07-19 11:38:40',NULL),
('64',NULL,'1984-02-04','64','2009-08-01 14:37:18',NULL),
('65',NULL,'2015-12-24','65','1982-07-11 02:33:24',NULL),
('66',NULL,'2018-03-18','66','1993-11-11 13:40:38',NULL),
('67',NULL,'2017-05-19','67','2000-09-05 13:31:53',NULL),
('68',NULL,'1985-07-07','68','2017-06-18 00:23:03',NULL),
('69',NULL,'1995-06-03','69','1993-08-10 08:00:42',NULL),
('70',NULL,'2002-02-01','70','1990-08-28 01:47:46',NULL),
('71',NULL,'1975-03-18','71','2002-11-29 08:49:42',NULL),
('72',NULL,'1986-12-17','72','1995-11-04 01:52:07',NULL),
('73',NULL,'2014-07-15','73','1998-09-11 22:30:54',NULL),
('74',NULL,'1987-12-29','74','1978-06-23 04:54:51',NULL),
('75',NULL,'2004-12-06','75','1998-08-01 17:08:56',NULL),
('76',NULL,'1993-05-04','76','1976-09-05 21:29:49',NULL),
('77',NULL,'1988-07-27','77','2005-07-14 08:14:09',NULL),
('78',NULL,'2017-01-11','78','2012-11-11 14:48:50',NULL),
('79',NULL,'2000-02-15','79','1996-09-08 08:57:09',NULL),
('80',NULL,'2006-06-10','80','1970-03-15 18:24:15',NULL),
('81',NULL,'2013-02-19','81','1992-05-17 10:39:04',NULL),
('82',NULL,'1986-03-05','82','1995-04-23 03:58:06',NULL),
('83',NULL,'1996-01-12','83','1978-03-18 17:42:14',NULL),
('84',NULL,'2007-05-30','84','1982-03-09 16:53:47',NULL),
('85',NULL,'2006-04-28','85','1977-07-25 04:23:10',NULL),
('86',NULL,'1981-06-01','86','1986-08-20 09:20:08',NULL),
('87',NULL,'1993-03-19','87','1977-10-28 13:47:08',NULL),
('88',NULL,'1970-09-26','88','1975-07-15 02:36:51',NULL),
('89',NULL,'1989-08-09','89','2018-09-25 10:18:22',NULL),
('90',NULL,'2017-06-02','90','1984-10-30 00:34:07',NULL),
('91',NULL,'1975-08-07','91','1971-07-11 16:38:46',NULL),
('92',NULL,'2017-10-16','92','1982-06-12 23:44:53',NULL),
('93',NULL,'1971-03-20','93','1979-11-23 13:01:05',NULL),
('94',NULL,'1984-05-15','94','1996-04-05 19:08:55',NULL),
('95',NULL,'2018-03-19','95','2013-06-30 21:02:03',NULL),
('96',NULL,'1974-02-16','96','1981-06-23 00:07:03',NULL),
('97',NULL,'1975-11-01','97','2007-09-30 07:07:25',NULL),
('98',NULL,'1981-11-23','98','1988-03-31 18:35:14',NULL),
('99',NULL,'2013-12-06','99','2019-08-25 12:11:10',NULL),
('100',NULL,'2006-05-16','100','2012-03-02 18:51:53',NULL); 


DROP TABLE IF EXISTS `users`;
CREATE TABLE `users` (
  `id` bigint(20) unsigned NOT NULL AUTO_INCREMENT,
  `firstname` varchar(50) COLLATE utf8_unicode_ci DEFAULT NULL,
  `lastname` varchar(50) COLLATE utf8_unicode_ci DEFAULT NULL COMMENT 'Фамиль',
  `email` varchar(120) COLLATE utf8_unicode_ci DEFAULT NULL,
  `phone` bigint(20) DEFAULT NULL,
  PRIMARY KEY (`id`),
  UNIQUE KEY `email` (`email`),
  KEY `users_phone_idx` (`phone`),
  KEY `users_firstname_lastname_idx` (`firstname`,`lastname`)
) ENGINE=InnoDB AUTO_INCREMENT=101 DEFAULT CHARSET=utf8 COLLATE=utf8_unicode_ci;

INSERT INTO `users` VALUES ('1','Carmella','Gleichner','lelia.thiel@example.net','1'),
('2','Vidal','Daniel','vonrueden.mavis@example.net','835'),
('3','Carli','Barrows','torphy.drew@example.net','0'),
('4','Celestino','Jacobs','dean93@example.net','7434711530'),
('5','Remington','Robel','gbeahan@example.com','0'),
('6','Maynard','Haag','johnson.vincent@example.net','165005'),
('7','Johnathan','Jaskolski','jrunolfsdottir@example.com','1'),
('8','Zelma','Quigley','herzog.martin@example.org','856'),
('9','Judah','Kuhic','nitzsche.leonie@example.org','1'),
('10','Dolly','Hartmann','zweber@example.org','191'),
('11','Danielle','Dare','barton.nakia@example.net','528763'),
('12','Brenna','Lubowitz','hammes.rosa@example.net','548'),
('13','Alivia','Hintz','caden88@example.net','6784040861'),
('14','Agustin','Rempel','talia.yundt@example.com','3111488097'),
('15','Timmothy','Harvey','xkuphal@example.net','27'),
('16','Nelle','Watsica','hayley.reichel@example.org','347878'),
('17','Loy','Satterfield','stanton.treutel@example.org','265640'),
('18','Vaughn','Casper','wade.graham@example.com','377'),
('19','Beau','Hettinger','anibal44@example.org','196653'),
('20','Coleman','Cummerata','oran86@example.com','1'),
('21','Delmer','O\'Hara','zieme.maci@example.com','135'),
('22','Dimitri','Wisoky','alyson.nader@example.com','595'),
('23','Lester','Stokes','wyman.joana@example.com','0'),
('24','Jacinto','Mohr','giovanna57@example.org','1'),
('25','Rosie','Wolff','hamill.melisa@example.com','1'),
('26','Carmella','Schuppe','randy64@example.org','1'),
('27','Whitney','Willms','favian.mckenzie@example.com','976'),
('28','Elaina','Hartmann','florida42@example.com','678'),
('29','Sophia','Ullrich','timmy42@example.net','68'),
('30','Oswaldo','Gulgowski','delfina.auer@example.net','1'),
('31','Horace','Walter','brooklyn.cremin@example.org','186169'),
('32','Ignacio','Schoen','kip.stracke@example.net','421'),
('33','Cathrine','Wisozk','adriel.kutch@example.org','156'),
('34','Nels','Cremin','rparker@example.org','994'),
('35','Karlee','Rutherford','hagenes.reanna@example.org','0'),
('36','Emely','Sporer','marcelle.prohaska@example.org','1'),
('37','Hyman','Paucek','rodriguez.antonia@example.net','1'),
('38','Anissa','Haag','rey65@example.net','0'),
('39','Zoe','Bernhard','leonora.sawayn@example.com','11'),
('40','Christop','Mohr','mia.waters@example.net','267361'),
('41','Betsy','Strosin','kirsten37@example.net','627082'),
('42','Keaton','Rippin','river35@example.net','531472'),
('43','Vickie','Cassin','floyd66@example.net','984666'),
('44','Robbie','Howe','parisian.ernest@example.com','70'),
('45','Lilly','Cruickshank','ebert.jovani@example.org','0'),
('46','Estelle','Reynolds','zackary.mcglynn@example.net','13'),
('47','Aniya','Hills','vgibson@example.org','1'),
('48','Jovany','Marvin','fritsch.shea@example.org','127'),
('49','Teresa','Maggio','donnelly.alexandria@example.org','0'),
('50','Gladys','Lubowitz','berry71@example.net','0'),
('51','Nora','Labadie','eloise.stroman@example.org','24134'),
('52','Kole','Gerhold','sidney.hayes@example.com','257'),
('53','Kathryne','Rogahn','cummerata.elroy@example.com','1'),
('54','Wilber','Ziemann','amari08@example.com','0'),
('55','America','Tremblay','sawayn.duane@example.net','9251365748'),
('56','Arlene','Zulauf','camilla27@example.net','1'),
('57','Maybell','Spencer','kennedi12@example.com','1'),
('58','Gilda','Greenfelder','jleffler@example.org','341'),
('59','Kimberly','Rippin','emilie.kohler@example.net','85'),
('60','Justine','Spinka','mcasper@example.net','1'),
('61','Marlene','Kutch','joshuah.champlin@example.com','1'),
('62','Cassidy','Rolfson','ruthe18@example.org','861629'),
('63','Salma','Cronin','emilie73@example.org','519'),
('64','Derick','Ratke','parker.eli@example.com','243'),
('65','Judy','Rice','stewart65@example.net','361797'),
('66','Kelli','O\'Conner','schaden.mylene@example.com','38'),
('67','Austen','Bernhard','kaden47@example.org','823421'),
('68','Nathanael','Schiller','kailey69@example.com','0'),
('69','Abbie','VonRueden','schneider.muriel@example.net','39'),
('70','Maribel','Rogahn','thelma.breitenberg@example.net','0'),
('71','Nash','Rath','opadberg@example.com','133'),
('72','Dax','Tillman','odickinson@example.net','1'),
('73','Elsie','Wuckert','steuber.keegan@example.org','769'),
('74','Rose','Barrows','dean51@example.com','1'),
('75','Leda','Kertzmann','aliyah.okuneva@example.net','7600333690'),
('76','Breanna','Stamm','obailey@example.net','0'),
('77','Alfonso','Bauch','cleora60@example.net','335'),
('78','Frankie','Cartwright','raynor.catharine@example.com','0'),
('79','Ciara','Ryan','bettye.o\'connell@example.net','323495'),
('80','Regan','Kessler','nya.marvin@example.net','0'),
('81','Ford','Hansen','krajcik.keon@example.com','557367'),
('82','Toy','Heathcote','kstark@example.com','894613'),
('83','Leanne','Farrell','michael22@example.net','0'),
('84','Gust','Treutel','abigail.glover@example.net','413'),
('85','Magdalen','Nitzsche','cathryn.mayert@example.net','125899'),
('86','Mariam','McGlynn','zelda30@example.net','224199'),
('87','Nigel','Howell','cartwright.marlin@example.net','203'),
('88','Jimmie','Nolan','zschiller@example.org','431'),
('89','Brown','Orn','ransom57@example.net','829'),
('90','Simeon','Cruickshank','nklocko@example.org','1'),
('91','Evelyn','Jerde','schowalter.kolby@example.org','4613526603'),
('92','Dario','Moen','mireya89@example.net','1'),
('93','Alfonzo','Cummerata','waelchi.shyann@example.net','1'),
('94','Vito','Kreiger','bogisich.hertha@example.com','1'),
('95','Herminia','Cummerata','jayce.christiansen@example.net','0'),
('96','Aurelia','Connelly','prohaska.brando@example.org','5'),
('97','Mariano','Kshlerin','ansley.denesik@example.org','0'),
('98','Florian','Mitchell','johns.katlynn@example.com','80'),
('99','Josh','Harvey','carter.loy@example.org','1'),
('100','Torrance','Ratke','eliezer.o\'hara@example.org','807107'); 


DROP TABLE IF EXISTS `users_communities`;
CREATE TABLE `users_communities` (
  `user_id` bigint(20) unsigned NOT NULL,
  `community_id` bigint(20) unsigned NOT NULL,
  PRIMARY KEY (`user_id`,`community_id`),
  KEY `community_id` (`community_id`),
  CONSTRAINT `users_communities_ibfk_1` FOREIGN KEY (`user_id`) REFERENCES `users` (`id`),
  CONSTRAINT `users_communities_ibfk_2` FOREIGN KEY (`community_id`) REFERENCES `communities` (`id`)
) ENGINE=InnoDB DEFAULT CHARSET=utf8 COLLATE=utf8_unicode_ci;

INSERT INTO `users_communities` VALUES ('1','1'),
('2','2'),
('3','3'),
('4','4'),
('5','5'),
('6','6'),
('7','7'),
('8','8'),
('9','9'),
('10','10'),
('11','11'),
('12','12'),
('13','13'),
('14','14'),
('15','15'),
('16','16'),
('17','17'),
('18','18'),
('19','19'),
('20','20'),
('21','21'),
('22','22'),
('23','23'),
('24','24'),
('25','25'),
('26','26'),
('27','27'),
('28','28'),
('29','29'),
('30','30'); 




/*!40101 SET SQL_MODE=@OLD_SQL_MODE */;
/*!40014 SET FOREIGN_KEY_CHECKS=@OLD_FOREIGN_KEY_CHECKS */;
/*!40014 SET UNIQUE_CHECKS=@OLD_UNIQUE_CHECKS */;
/*!40101 SET CHARACTER_SET_CLIENT=@OLD_CHARACTER_SET_CLIENT */;
/*!40101 SET CHARACTER_SET_RESULTS=@OLD_CHARACTER_SET_RESULTS */;
/*!40101 SET COLLATION_CONNECTION=@OLD_COLLATION_CONNECTION */;
/*!40111 SET SQL_NOTES=@OLD_SQL_NOTES */;

